Ainu,Fusion,West African,Zimbabwean,Greek-American,Dominican Republic,South Indian,Turkmen,Naga,Norwegian,Maltese,Hessian,Christmas Island
Albanian,Haute,Sierra Leonean,Benin,Italian-American,Grenadian,Mughlai,Guizhou,Chinese,Portuguese,Brandenburg,Hungarian,Pascuense
Argentine,Nouvelle,Senegalese,Euro-Asian,Guadeloupe,,Malaysian,Shaanxi,Sri Lankan,Cypriot,Liechtensteiner,Franconian,Palauan
Andhra,Vegan,Algerian,Cape Verde,New American,Guyanese,Lebanese,Newari,Jewish,Croatian,Lappish,Albanian,Fijian
Anglo-Indian,Vegetarian,Egyptian,Gambian,Native American,Guianan,Chettinad,Yunnan,Maharashtrian,Cantabrian,Icelandic,Canarian,New American
Arab,Greek,Libyan,Ghanaian,Puerto Rican,Haitian,5 West Asian,Middle Eastern,Lao,Danish,Moldovan,Turkish,New Zealand
Armenian,Roman,Mauritanian,Guinean,Roadkill,Jamaican,Malay,Nepalese,Ottoman,French,Aragonese,Silesian,Samoan
Assyrian,Aztec,Moroccan,Guinea-Bissauan,Tlingit,Martinican,Sichuan,Hubei,Chinese aristocrat,Latvian,French regional,Canadian,Marshallese
Awadhi,Maya,Sudanese,Ivorian,Lowcountry,Montserrat,Balinese,Udupi,Assyrian,Slovenian,Spanish,Andorran,Mediterranean
Azerbaijani,Medieval,Tunisian,Liberian,Maya,Puerto Rican,Thai,Laotian,haute,Greenlandic,Catalan,Palatine,
Balochi,Cameroonian,Western Saharan,Mali,Mexican,Saint Lucian,Tajik,Syrian,Kuwaiti,Viennese,Estonian,Serbian,
Belarusian,Congolese,Djiboutian,Nigerian,Maya,Saint Vincent,Okinawan,Fujian,Omani,Bosnian,Gibraltarian,Tuscan,
Bangladeshi,Centrafrican,Ethiopian,Senegalese,Central American,Surinamese,Zhejiang,Muhajir,Bhojpuri,Central European,Azerbaijani,Andalusian,
Bengali,East African,Eritrean,Sierra Leone,Belizean,Trinidad and Tobago,Lahori,Shanghai,Jiangxi,Mordovian,Mediterranean,Belarusian,
Berber,Burundian,Somali,Togolese,Costa Rican,Turks and Caicos,Chinese Buddhist,South Caucasus,Bhutanese,Romanian,Sammarinese,Finnish,
Brazilian,Eritrean,Burundian,5 Latin American,Salvadoran,US Virgin Islands,Kazakh,Acehnese,Betawi,Bulgarian,Kosovan,German,
Buddhist,Ethiopian,Kenyan,North American,Guatemalan,Latin American,Chaozhou,Macau,Kerala,Slovak,Balkan,Sardinian,
Bulgarian,Kenyan,Rwandan,Canadian,Honduran,Hakka,Kurdish,Henan,Cypriot,Asturian,Caucasian,Monï¿½gasque,
Cajun,Somali,South Sudanese,American,Nicaraguan,Xinjiang,Rajasthani,Emirati,Kapampangan,Hamburg,Alpine,Lithuanian,
Cantonese,Tanzanian,Tanzanian,French,Argentinian,Tamil,Iraqi,Parsi,Sindhi,Sicilian,Armenian,Soviet,
Caribbean,Ugandan,Zanzibari,Canadian Chinese,Bolivian,Jiangsu,Javanese,Vietnamese,Chinese Islamic,Austrian,Swedish,Macedonian,
Chechen,Maasai,Ugandan,American,Brazilian,Armenian,Afghan,Fusion,Hainan,Pomeranian,Dutch,Ukrainian,
Chinese,North African,Angolan,Midwestern American,Chilean,Bangladeshi,Georgian,Shandong,Batak,Greek,Czech,Lower Saxon,
Chinese Islamic,Algerian,Portuguese,St. Louis,Colombian,Awadhi,Mediterranean,Anhui,Mongolian,Bavarian,Galician,English,
Circassian,Egyptian,Cameroonian,Northeastern American,Ecuadorian,Levantine,Manado,Ainu,Oriya,British,Luxembourgian,Asian,
Crimean Tatar,Libyan,Central african,Southern American,Paraguayan,North Indian,Balochi,Assamese,Burmese,Italian,Polish,Faroese,
Cypriot,Moroccan,Chadian,Cajun,Peruvian,Saudi Arabian,Hong Kong,Indonesian Indian,Bahraini,Balearic,Swiss,Tongan,
Danish,Sudanese,Equatorial Guinean,Floribbean,Peruvian-Chinese,Japanese regional,Tripuri,Punjabi,Sundanese,Northern Cypriot,Regional Dutch,African,
English,Tunisian,Gabonese,Louisiana Creole,Uruguayan,Bengali,Pakistani,North East Indian,Israeli,Nouvelle,Tatar,German,
Estonian,South African,Lowcountry,Venezuelan,,Shanxi,Bukharan,East Indian,Beijing,Haute,Welsh,
French,Botswana,Botswana,Southwestern American,Colombian,Bruneian,Makassar,Tianjin,Madurese,Belgian,Lebanese,
Filipino,Malagasy,Comoros,New Mexican,Anguillan,Singaporean,American Chinese,Taiwanese,Malvani,Eastern European,Extremaduran,Oceanian,
Georgian,Mauritian,Lesothoan,Texan,Antigua and Barbuda,Korean,Malaysian Indian,Dutch,Hunan,Neapolitan,Saxon,Italian,
German,Namibian,Malagasy,Tex-Mex,Aruban,Chinese imperial,Turkish,Uzbek,Indian,Baden,Valencian,French,
Goan,South African,Mauritian,Western American,Bahamian,Yemeni,Northeastern Chinese,Sarawakian,Sabahan,Crimean Tatar,Swabian,Australian,
Goan Catholic,Zimbabwean,Mozambique,California,Barbadian,Indian Chinese,Kyrgyz,Japanese,Kashmiri,Irish,Georgian,Indian,
Greek,West African,Namibian,Hawaiian,Belizean,Asian,Cambodian,Iranian,Indonesian Chinese,Russian,Basque,Turkish,
Gujarati,Burkinabe,Seychellois,Pacific Northwest,Bermudian,South Asian,Filipino,Goan,West Asian,Montenegrin,German regional,Greek,
Hyderabad,Ghanaian,South African,Rocky Mountain,Cayman Islands,Bihari,Huaiyang,Gujarati,Indonesian Arab,Balti,Mecklenburg,New Caledonian,
Indian,Ivorian,Swaziland,Fusion,Cuban,Tibetan,Andhra,Liaoning,Mazanderani,Venetian,Leonese,Spanish,
Indian Chinese,Nigerian,Zambian,Chinese American,Dominican,Pashtun,Indonesian,Qatari,fusion,European,Scottish,Niuean,
